<?xml version="1.0" encoding="UTF-8" ?>
<modification>
  <generator>Created using by OpenIX - https://openix.io/en/tool/opencart/ocmod</generator>
  <name>colorsmodule</name>
  <version>1.0.0</version>
  <code>colorsmodule</code>
  <author>Meits</author>
  <link>http://bleecker.uk</link>

  <file path="admin/view/template/catalog/product_form.tpl">
    <operation>
      <search><![CDATA[<li><a href="#tab-design" data-toggle="tab"><?php echo $tab_design; ?></a></li>]]></search>
      <add position="before"><![CDATA[<li><a href="#tab-colors" data-toggle="tab"><?php echo $tab_colors; ?></a></li>]]></add>
    </operation>

    <operation>
      <search><![CDATA[<div class="tab-pane" id="tab-design">]]></search>
      <add position="before"><![CDATA[<div class="tab-pane" id="tab-colors">
	<div class="form-group">
		<label class="col-sm-2 control-label" for="input-colors"><span data-toggle="tooltip" title="<?php echo $help_colorsmodule; ?>"><?php echo $entry_colorsmodule; ?></span></label>
		<div class="col-sm-10">
		  <input type="text" name="colors" value="" placeholder="<?php echo $entry_colorsmodule; ?>" id="input-colorsmodule" class="form-control" />
		  <div id="product-colorsmodule" class="well well-sm" style="height: 150px; overflow: auto;">
			<?php foreach ($product_colorsmodules as $product_colorsmodule) { ?>
			<div id="product-colorsmodule<?php echo $product_colorsmodule['product_id']; ?>"><i class="fa fa-minus-circle"></i> <?php echo $product_colorsmodule['name']; ?>
			  <input type="hidden" name="product_colorsmodule[]" value="<?php echo $product_colorsmodule['product_id']; ?>" />
			</div>
			<?php } ?>
		  </div>
		</div>
	</div>
	<div class="form-group">
		<label class="col-sm-2 control-label"><span data-toggle="tooltip" title="<?php echo $help_colorsmodule_color; ?>"><?php echo $entry_colorsmodule_color; ?></span></label>
		<div class="col-sm-10">
		  <input type="text" name="color" value="<?php echo $product_color; ?>" placeholder="<?php echo $entry_colorsmodule_color; ?>" class="form-control" />
		</div>
	</div>
    <div class="form-group">
		<label class="col-sm-2 control-label"><span data-toggle="tooltip" title="<?php echo $help_colorsmodule_order; ?>"><?php echo $entry_colorsmodule_color_order; ?></span></label>
		<div class="col-sm-10">
		  <input type="text" name="color_order" value="<?php echo $product_color_order; ?>" placeholder="<?php echo $entry_colorsmodule_color_order; ?>" class="form-control" />
		</div>
	</div>
</div>]]></add>
    </operation>

    <operation>
      <search><![CDATA[// Related]]></search>
      <add position="before"><![CDATA[// colorsmodule
$('input[name=\'colors\']').autocomplete({
	'source': function(request, response) {
		$.ajax({
			url: 'index.php?route=catalog/product/autocomplete&token=<?php echo $token; ?>&filter_name=' +  encodeURIComponent(request),
			dataType: 'json',
			success: function(json) {
				response($.map(json, function(item) {
					return {
						label: item['name'],
						value: item['product_id']
					}
				}));
			}
		});
	},
	'select': function(item) {
		$('input[name=\'colors\']').val('');

		$('#product-colorsmodule' + item['value']).remove();

		$('#product-colorsmodule').append('<div id="product-colorsmodule' + item['value'] + '"><i class="fa fa-minus-circle"></i> ' + item['label'] + '<input type="hidden" name="product_colorsmodule[]" value="' + item['value'] + '" /></div>');
	}
});

$('#product-colorsmodule').delegate('.fa-minus-circle', 'click', function() {
	$(this).parent().remove();
});]]></add>
    </operation>
  </file>

  <file path="admin/controller/catalog/product.php">
    <operation>
      <search><![CDATA[$data['entry_main_category'] = $this->language->get('entry_main_category');]]></search>
      <add position="after"><![CDATA[$data['entry_colorsmodule'] = $this->language->get('entry_colorsmodule');
$data['help_colorsmodule'] = $this->language->get('help_colorsmodule');
$data['tab_colors'] = $this->language->get('tab_colors');

$data['help_colorsmodule_color'] = $this->language->get('help_colorsmodule_color');
$data['entry_colorsmodule_color'] = $this->language->get('entry_colorsmodule_color');

$data['help_colorsmodule_order'] = $this->language->get('help_colorsmodule_order');
$data['entry_colorsmodule_color_order'] = $this->language->get('entry_colorsmodule_color_order');]]></add>
    </operation>

    <operation>
      <search><![CDATA[if (isset($this->request->post['product_related'])) {]]></search>
      <add position="before"><![CDATA[$this->load->model('extension/module/colorsmodule');
$data['product_color'] = '';
$data['product_color_order'] = "";
if (isset($this->request->post['product_colorsmodule'])) {
	$products = $this->request->post['product_colorsmodule'];
} elseif (isset($this->request->get['product_id'])) {
	$tmp = $this->model_extension_module_colorsmodule->getProductColorsModule($this->request->get['product_id']);
    $products = $tmp['products'];
    $data['product_color'] = $tmp['product_color'];
    $data['product_color_order'] = $tmp['product_order'];

} else {
	$products = array();
}

$data['product_colorsmodules'] = array();

foreach ($products as $product_id) {
	$related_info = $this->model_catalog_product->getProduct($product_id);

	if ($related_info) {
		$data['product_colorsmodules'][] = array(
			'product_id' => $related_info['product_id'],
			'name'       => $related_info['name']
		);
	}
}]]></add>
    </operation>
  </file>

  <file path="admin/model/catalog/product.php">
    <operation>
      <search><![CDATA[if (isset($data['product_related'])) {]]></search>
      <add position="before"><![CDATA[/////>>>>>product colors
        if (isset($data['product_colorsmodule'])) {
            foreach ($data['product_colorsmodule'] as $related_id) {
                $this->db->query("DELETE FROM " . DB_PREFIX . "product_colors_related WHERE product_id = '" . (int)$product_id . "' AND related_id = '" . (int)$related_id . "'");
                $this->db->query("INSERT INTO " . DB_PREFIX . "product_colors_related SET product_id = '" . (int)$product_id . "', related_id = '" . (int)$related_id . "'");
                $this->db->query("DELETE FROM " . DB_PREFIX . "product_colors_related WHERE product_id = '" . (int)$related_id . "' AND related_id = '" . (int)$product_id . "'");
                $this->db->query("INSERT INTO " . DB_PREFIX . "product_colors_related SET product_id = '" . (int)$related_id . "', related_id = '" . (int)$product_id . "'");
            }
        }

        if (isset($data['color'])) {
            $this->db->query("DELETE FROM " . DB_PREFIX . "product_colors WHERE product_id = '" . (int)$product_id . "'");
            $this->db->query("INSERT INTO " . DB_PREFIX . "product_colors SET product_id = '" . (int)$product_id . "', color = '" . $this->db->escape($data['color']) . "', order_color = '" .(isset($data['color_order']) ? (int)$data['color_order'] : 0) . "'");
        }
        //////>>>>>]]></add>
    </operation>

  </file>

  <file path="catalog/controller/product/product.php">
    <operation>
      <search><![CDATA[// Captcha]]></search>
      <add position="before"><![CDATA[/////>>>>>Colors
			$this->document->addStyle('catalog/view/theme/default/stylesheet/colorsmodule.css');
            $data['colorsmodule'] = $this->load->controller('extension/module/colorsmodule');
            /////<<<<]]></add>
    </operation>
	<operation>
      <search><![CDATA[$data['products'][] = array(]]></search>
      <add position="before"><![CDATA[/////>>>>>Colors
                $colorsmodule = $this->load->controller('extension/module/colorsmodule',['isCatalog' => true, 'product_id' => $result['product_id']]);
				/////<<<<<]]></add>
    </operation>

    <operation>
      <search><![CDATA['href'        => $this->url->link('product/product', 'product_id=' . $result['product_id'])]]></search>
      <add position="after"><![CDATA[,
                    'colorsmodule' => $colorsmodule,]]></add>
    </operation>

  </file>
  
  <file path="catalog/view/theme/default/template/product/product.tpl">
    <operation>
      <search><![CDATA[<h1><?php echo $heading_title; ?></h1>]]></search>
      <add position="after"><![CDATA[<?php echo $colorsmodule;?>]]></add>
    </operation>
	
	<operation>
      <search><![CDATA[<?php if ($product['price']) { ?>]]></search>
      <add position="before"><![CDATA[<!--Colors-->
            <?php echo $product['colorsmodule'];?>
            <!---->]]></add>
    </operation>
	

  </file>
</modification>